Designator,Val,Package,Mid X,Mid Y,Rotation,Layer
C1,10uF,C_0402_1005Metric,167.150000,-54.700000,0.000000,top
C1,10uF,C_0402_1005Metric,125.650000,-54.700000,0.000000,top
C1,10uF,C_0402_1005Metric,167.150000,-81.200000,0.000000,top
C1,10uF,C_0402_1005Metric,125.650000,-81.200000,0.000000,top
C1,10uF,C_0402_1005Metric,167.150000,-107.700000,0.000000,top
C1,10uF,C_0402_1005Metric,125.650000,-107.700000,0.000000,top
C2,100nF,C_0402_1005Metric,117.935000,-103.020000,180.000000,top
C2,100nF,C_0402_1005Metric,159.435000,-50.020000,180.000000,top
C2,100nF,C_0402_1005Metric,117.935000,-50.020000,180.000000,top
C2,100nF,C_0402_1005Metric,159.435000,-76.520000,180.000000,top
C2,100nF,C_0402_1005Metric,117.935000,-76.520000,180.000000,top
C2,100nF,C_0402_1005Metric,159.435000,-103.020000,180.000000,top
C3,100nF,C_0402_1005Metric,125.650000,-53.650000,180.000000,top
C3,100nF,C_0402_1005Metric,167.150000,-80.150000,180.000000,top
C3,100nF,C_0402_1005Metric,125.650000,-106.650000,180.000000,top
C3,100nF,C_0402_1005Metric,167.150000,-53.650000,180.000000,top
C3,100nF,C_0402_1005Metric,167.150000,-106.650000,180.000000,top
C3,100nF,C_0402_1005Metric,125.650000,-80.150000,180.000000,top
C4,100nF,C_0402_1005Metric,158.630000,-54.410000,270.000000,top
C4,100nF,C_0402_1005Metric,117.130000,-54.410000,270.000000,top
C4,100nF,C_0402_1005Metric,158.630000,-80.910000,270.000000,top
C4,100nF,C_0402_1005Metric,117.130000,-80.910000,270.000000,top
C4,100nF,C_0402_1005Metric,158.630000,-107.410000,270.000000,top
C4,100nF,C_0402_1005Metric,117.130000,-107.410000,270.000000,top
D1,LED,LED_0402_1005Metric,100.000000,-100.000000,45.000000,top
D1,LED,LED_0402_1005Metric,141.500000,-100.000000,45.000000,top
D1,LED,LED_0402_1005Metric,100.000000,-73.500000,45.000000,top
D1,LED,LED_0402_1005Metric,141.500000,-73.500000,45.000000,top
D1,LED,LED_0402_1005Metric,141.500000,-47.000000,45.000000,top
D1,LED,LED_0402_1005Metric,100.000000,-47.000000,45.000000,top
D2,LED,LED_0402_1005Metric,100.000000,-101.350000,45.000000,top
D2,LED,LED_0402_1005Metric,141.500000,-101.350000,45.000000,top
D2,LED,LED_0402_1005Metric,100.000000,-74.850000,45.000000,top
D2,LED,LED_0402_1005Metric,141.500000,-74.850000,45.000000,top
D2,LED,LED_0402_1005Metric,100.000000,-48.350000,45.000000,top
D2,LED,LED_0402_1005Metric,141.500000,-48.350000,45.000000,top
D3,LED,LED_0402_1005Metric,100.000000,-76.200000,45.000000,top
D3,LED,LED_0402_1005Metric,141.500000,-49.700000,45.000000,top
D3,LED,LED_0402_1005Metric,100.000000,-49.700000,45.000000,top
D3,LED,LED_0402_1005Metric,141.500000,-76.200000,45.000000,top
D3,LED,LED_0402_1005Metric,141.500000,-102.700000,45.000000,top
D3,LED,LED_0402_1005Metric,100.000000,-102.700000,45.000000,top
D4,LED,LED_0402_1005Metric,141.500000,-104.050000,45.000000,top
D4,LED,LED_0402_1005Metric,100.000000,-77.550000,45.000000,top
D4,LED,LED_0402_1005Metric,141.500000,-77.550000,45.000000,top
D4,LED,LED_0402_1005Metric,100.000000,-51.050000,45.000000,top
D4,LED,LED_0402_1005Metric,141.500000,-51.050000,45.000000,top
D4,LED,LED_0402_1005Metric,100.000000,-104.050000,45.000000,top
D5,LED,LED_0402_1005Metric,100.000000,-52.400000,45.000000,top
D5,LED,LED_0402_1005Metric,141.500000,-52.400000,45.000000,top
D5,LED,LED_0402_1005Metric,141.500000,-78.900000,45.000000,top
D5,LED,LED_0402_1005Metric,100.000000,-78.900000,45.000000,top
D5,LED,LED_0402_1005Metric,141.500000,-105.400000,45.000000,top
D5,LED,LED_0402_1005Metric,100.000000,-105.400000,45.000000,top
D6,LED,LED_0402_1005Metric,141.500000,-53.750000,45.000000,top
D6,LED,LED_0402_1005Metric,100.000000,-53.750000,45.000000,top
D6,LED,LED_0402_1005Metric,141.500000,-80.250000,45.000000,top
D6,LED,LED_0402_1005Metric,100.000000,-80.250000,45.000000,top
D6,LED,LED_0402_1005Metric,141.500000,-106.750000,45.000000,top
D6,LED,LED_0402_1005Metric,100.000000,-106.750000,45.000000,top
D7,LED,LED_0402_1005Metric,141.500000,-55.100000,45.000000,top
D7,LED,LED_0402_1005Metric,100.000000,-55.100000,45.000000,top
D7,LED,LED_0402_1005Metric,141.500000,-81.600000,45.000000,top
D7,LED,LED_0402_1005Metric,100.000000,-81.600000,45.000000,top
D7,LED,LED_0402_1005Metric,141.500000,-108.100000,45.000000,top
D7,LED,LED_0402_1005Metric,100.000000,-108.100000,45.000000,top
D8,LED,LED_0402_1005Metric,100.000000,-109.450000,45.000000,top
D8,LED,LED_0402_1005Metric,141.500000,-56.450000,45.000000,top
D8,LED,LED_0402_1005Metric,141.500000,-109.450000,45.000000,top
D8,LED,LED_0402_1005Metric,100.000000,-82.950000,45.000000,top
D8,LED,LED_0402_1005Metric,141.500000,-82.950000,45.000000,top
D8,LED,LED_0402_1005Metric,100.000000,-56.450000,45.000000,top
D9,LED,LED_0402_1005Metric,101.350000,-73.500000,45.000000,top
D9,LED,LED_0402_1005Metric,142.850000,-47.000000,45.000000,top
D9,LED,LED_0402_1005Metric,101.350000,-47.000000,45.000000,top
D9,LED,LED_0402_1005Metric,142.850000,-73.500000,45.000000,top
D9,LED,LED_0402_1005Metric,142.850000,-100.000000,45.000000,top
D9,LED,LED_0402_1005Metric,101.350000,-100.000000,45.000000,top
D10,LED,LED_0402_1005Metric,101.350000,-48.350000,45.000000,top
D10,LED,LED_0402_1005Metric,142.850000,-48.350000,45.000000,top
D10,LED,LED_0402_1005Metric,142.850000,-74.850000,45.000000,top
D10,LED,LED_0402_1005Metric,101.350000,-74.850000,45.000000,top
D10,LED,LED_0402_1005Metric,142.850000,-101.350000,45.000000,top
D10,LED,LED_0402_1005Metric,101.350000,-101.350000,45.000000,top
D11,LED,LED_0402_1005Metric,142.850000,-102.700000,45.000000,top
D11,LED,LED_0402_1005Metric,101.350000,-76.200000,45.000000,top
D11,LED,LED_0402_1005Metric,142.850000,-76.200000,45.000000,top
D11,LED,LED_0402_1005Metric,101.350000,-49.700000,45.000000,top
D11,LED,LED_0402_1005Metric,142.850000,-49.700000,45.000000,top
D11,LED,LED_0402_1005Metric,101.350000,-102.700000,45.000000,top
D12,LED,LED_0402_1005Metric,101.350000,-77.550000,45.000000,top
D12,LED,LED_0402_1005Metric,142.850000,-77.550000,45.000000,top
D12,LED,LED_0402_1005Metric,142.850000,-104.050000,45.000000,top
D12,LED,LED_0402_1005Metric,101.350000,-51.050000,45.000000,top
D12,LED,LED_0402_1005Metric,101.350000,-104.050000,45.000000,top
D12,LED,LED_0402_1005Metric,142.850000,-51.050000,45.000000,top
D13,LED,LED_0402_1005Metric,142.850000,-105.400000,45.000000,top
D13,LED,LED_0402_1005Metric,101.350000,-78.900000,45.000000,top
D13,LED,LED_0402_1005Metric,142.850000,-78.900000,45.000000,top
D13,LED,LED_0402_1005Metric,101.350000,-52.400000,45.000000,top
D13,LED,LED_0402_1005Metric,101.350000,-105.400000,45.000000,top
D13,LED,LED_0402_1005Metric,142.850000,-52.400000,45.000000,top
D14,LED,LED_0402_1005Metric,101.350000,-80.250000,45.000000,top
D14,LED,LED_0402_1005Metric,142.850000,-106.750000,45.000000,top
D14,LED,LED_0402_1005Metric,142.850000,-53.750000,45.000000,top
D14,LED,LED_0402_1005Metric,101.350000,-53.750000,45.000000,top
D14,LED,LED_0402_1005Metric,142.850000,-80.250000,45.000000,top
D14,LED,LED_0402_1005Metric,101.350000,-106.750000,45.000000,top
D15,LED,LED_0402_1005Metric,101.350000,-108.100000,45.000000,top
D15,LED,LED_0402_1005Metric,142.850000,-55.100000,45.000000,top
D15,LED,LED_0402_1005Metric,101.350000,-55.100000,45.000000,top
D15,LED,LED_0402_1005Metric,142.850000,-81.600000,45.000000,top
D15,LED,LED_0402_1005Metric,101.350000,-81.600000,45.000000,top
D15,LED,LED_0402_1005Metric,142.850000,-108.100000,45.000000,top
D16,LED,LED_0402_1005Metric,142.850000,-109.450000,45.000000,top
D16,LED,LED_0402_1005Metric,142.850000,-56.450000,45.000000,top
D16,LED,LED_0402_1005Metric,142.850000,-82.950000,45.000000,top
D16,LED,LED_0402_1005Metric,101.350000,-56.450000,45.000000,top
D16,LED,LED_0402_1005Metric,101.350000,-109.450000,45.000000,top
D16,LED,LED_0402_1005Metric,101.350000,-82.950000,45.000000,top
D17,LED,LED_0402_1005Metric,102.700000,-73.500000,45.000000,top
D17,LED,LED_0402_1005Metric,144.200000,-47.000000,45.000000,top
D17,LED,LED_0402_1005Metric,102.700000,-47.000000,45.000000,top
D17,LED,LED_0402_1005Metric,144.200000,-73.500000,45.000000,top
D17,LED,LED_0402_1005Metric,144.200000,-100.000000,45.000000,top
D17,LED,LED_0402_1005Metric,102.700000,-100.000000,45.000000,top
D18,LED,LED_0402_1005Metric,102.700000,-74.850000,45.000000,top
D18,LED,LED_0402_1005Metric,102.700000,-101.350000,45.000000,top
D18,LED,LED_0402_1005Metric,144.200000,-48.350000,45.000000,top
D18,LED,LED_0402_1005Metric,102.700000,-48.350000,45.000000,top
D18,LED,LED_0402_1005Metric,144.200000,-74.850000,45.000000,top
D18,LED,LED_0402_1005Metric,144.200000,-101.350000,45.000000,top
D19,LED,LED_0402_1005Metric,102.700000,-102.700000,45.000000,top
D19,LED,LED_0402_1005Metric,144.200000,-49.700000,45.000000,top
D19,LED,LED_0402_1005Metric,102.700000,-49.700000,45.000000,top
D19,LED,LED_0402_1005Metric,144.200000,-76.200000,45.000000,top
D19,LED,LED_0402_1005Metric,102.700000,-76.200000,45.000000,top
D19,LED,LED_0402_1005Metric,144.200000,-102.700000,45.000000,top
D20,LED,LED_0402_1005Metric,144.200000,-104.050000,45.000000,top
D20,LED,LED_0402_1005Metric,102.700000,-77.550000,45.000000,top
D20,LED,LED_0402_1005Metric,102.700000,-104.050000,45.000000,top
D20,LED,LED_0402_1005Metric,144.200000,-51.050000,45.000000,top
D20,LED,LED_0402_1005Metric,102.700000,-51.050000,45.000000,top
D20,LED,LED_0402_1005Metric,144.200000,-77.550000,45.000000,top
D21,LED,LED_0402_1005Metric,102.700000,-78.900000,45.000000,top
D21,LED,LED_0402_1005Metric,144.200000,-105.400000,45.000000,top
D21,LED,LED_0402_1005Metric,102.700000,-105.400000,45.000000,top
D21,LED,LED_0402_1005Metric,144.200000,-52.400000,45.000000,top
D21,LED,LED_0402_1005Metric,102.700000,-52.400000,45.000000,top
D21,LED,LED_0402_1005Metric,144.200000,-78.900000,45.000000,top
D22,LED,LED_0402_1005Metric,144.200000,-80.250000,45.000000,top
D22,LED,LED_0402_1005Metric,102.700000,-80.250000,45.000000,top
D22,LED,LED_0402_1005Metric,144.200000,-53.750000,45.000000,top
D22,LED,LED_0402_1005Metric,102.700000,-106.750000,45.000000,top
D22,LED,LED_0402_1005Metric,144.200000,-106.750000,45.000000,top
D22,LED,LED_0402_1005Metric,102.700000,-53.750000,45.000000,top
D23,LED,LED_0402_1005Metric,144.200000,-108.100000,45.000000,top
D23,LED,LED_0402_1005Metric,102.700000,-108.100000,45.000000,top
D23,LED,LED_0402_1005Metric,144.200000,-55.100000,45.000000,top
D23,LED,LED_0402_1005Metric,102.700000,-81.600000,45.000000,top
D23,LED,LED_0402_1005Metric,144.200000,-81.600000,45.000000,top
D23,LED,LED_0402_1005Metric,102.700000,-55.100000,45.000000,top
D24,LED,LED_0402_1005Metric,144.200000,-56.450000,45.000000,top
D24,LED,LED_0402_1005Metric,102.700000,-56.450000,45.000000,top
D24,LED,LED_0402_1005Metric,102.700000,-109.450000,45.000000,top
D24,LED,LED_0402_1005Metric,144.200000,-82.950000,45.000000,top
D24,LED,LED_0402_1005Metric,102.700000,-82.950000,45.000000,top
D24,LED,LED_0402_1005Metric,144.200000,-109.450000,45.000000,top
D25,LED,LED_0402_1005Metric,104.050000,-100.000000,45.000000,top
D25,LED,LED_0402_1005Metric,104.050000,-73.500000,45.000000,top
D25,LED,LED_0402_1005Metric,145.550000,-100.000000,45.000000,top
D25,LED,LED_0402_1005Metric,145.550000,-47.000000,45.000000,top
D25,LED,LED_0402_1005Metric,104.050000,-47.000000,45.000000,top
D25,LED,LED_0402_1005Metric,145.550000,-73.500000,45.000000,top
D26,LED,LED_0402_1005Metric,104.050000,-74.850000,45.000000,top
D26,LED,LED_0402_1005Metric,104.050000,-101.350000,45.000000,top
D26,LED,LED_0402_1005Metric,145.550000,-74.850000,45.000000,top
D26,LED,LED_0402_1005Metric,145.550000,-101.350000,45.000000,top
D26,LED,LED_0402_1005Metric,104.050000,-48.350000,45.000000,top
D26,LED,LED_0402_1005Metric,145.550000,-48.350000,45.000000,top
D27,LED,LED_0402_1005Metric,104.050000,-49.700000,45.000000,top
D27,LED,LED_0402_1005Metric,104.050000,-102.700000,45.000000,top
D27,LED,LED_0402_1005Metric,145.550000,-102.700000,45.000000,top
D27,LED,LED_0402_1005Metric,104.050000,-76.200000,45.000000,top
D27,LED,LED_0402_1005Metric,145.550000,-76.200000,45.000000,top
D27,LED,LED_0402_1005Metric,145.550000,-49.700000,45.000000,top
D28,LED,LED_0402_1005Metric,145.550000,-104.050000,45.000000,top
D28,LED,LED_0402_1005Metric,104.050000,-77.550000,45.000000,top
D28,LED,LED_0402_1005Metric,145.550000,-77.550000,45.000000,top
D28,LED,LED_0402_1005Metric,104.050000,-51.050000,45.000000,top
D28,LED,LED_0402_1005Metric,104.050000,-104.050000,45.000000,top
D28,LED,LED_0402_1005Metric,145.550000,-51.050000,45.000000,top
D29,LED,LED_0402_1005Metric,145.550000,-52.400000,45.000000,top
D29,LED,LED_0402_1005Metric,104.050000,-52.400000,45.000000,top
D29,LED,LED_0402_1005Metric,145.550000,-78.900000,45.000000,top
D29,LED,LED_0402_1005Metric,145.550000,-105.400000,45.000000,top
D29,LED,LED_0402_1005Metric,104.050000,-78.900000,45.000000,top
D29,LED,LED_0402_1005Metric,104.050000,-105.400000,45.000000,top
D30,LED,LED_0402_1005Metric,104.050000,-106.750000,45.000000,top
D30,LED,LED_0402_1005Metric,145.550000,-80.250000,45.000000,top
D30,LED,LED_0402_1005Metric,145.550000,-106.750000,45.000000,top
D30,LED,LED_0402_1005Metric,104.050000,-80.250000,45.000000,top
D30,LED,LED_0402_1005Metric,104.050000,-53.750000,45.000000,top
D30,LED,LED_0402_1005Metric,145.550000,-53.750000,45.000000,top
D31,LED,LED_0402_1005Metric,145.550000,-55.100000,45.000000,top
D31,LED,LED_0402_1005Metric,104.050000,-55.100000,45.000000,top
D31,LED,LED_0402_1005Metric,145.550000,-81.600000,45.000000,top
D31,LED,LED_0402_1005Metric,104.050000,-81.600000,45.000000,top
D31,LED,LED_0402_1005Metric,145.550000,-108.100000,45.000000,top
D31,LED,LED_0402_1005Metric,104.050000,-108.100000,45.000000,top
D32,LED,LED_0402_1005Metric,145.550000,-109.450000,45.000000,top
D32,LED,LED_0402_1005Metric,104.050000,-82.950000,45.000000,top
D32,LED,LED_0402_1005Metric,145.550000,-82.950000,45.000000,top
D32,LED,LED_0402_1005Metric,104.050000,-56.450000,45.000000,top
D32,LED,LED_0402_1005Metric,145.550000,-56.450000,45.000000,top
D32,LED,LED_0402_1005Metric,104.050000,-109.450000,45.000000,top
D33,LED,LED_0402_1005Metric,146.900000,-100.000000,45.000000,top
D33,LED,LED_0402_1005Metric,105.400000,-73.500000,45.000000,top
D33,LED,LED_0402_1005Metric,146.900000,-73.500000,45.000000,top
D33,LED,LED_0402_1005Metric,105.400000,-47.000000,45.000000,top
D33,LED,LED_0402_1005Metric,146.900000,-47.000000,45.000000,top
D33,LED,LED_0402_1005Metric,105.400000,-100.000000,45.000000,top
D34,LED,LED_0402_1005Metric,105.400000,-74.850000,45.000000,top
D34,LED,LED_0402_1005Metric,146.900000,-74.850000,45.000000,top
D34,LED,LED_0402_1005Metric,146.900000,-101.350000,45.000000,top
D34,LED,LED_0402_1005Metric,105.400000,-101.350000,45.000000,top
D34,LED,LED_0402_1005Metric,105.400000,-48.350000,45.000000,top
D34,LED,LED_0402_1005Metric,146.900000,-48.350000,45.000000,top
D35,LED,LED_0402_1005Metric,105.400000,-76.200000,45.000000,top
D35,LED,LED_0402_1005Metric,105.400000,-102.700000,45.000000,top
D35,LED,LED_0402_1005Metric,146.900000,-49.700000,45.000000,top
D35,LED,LED_0402_1005Metric,105.400000,-49.700000,45.000000,top
D35,LED,LED_0402_1005Metric,146.900000,-76.200000,45.000000,top
D35,LED,LED_0402_1005Metric,146.900000,-102.700000,45.000000,top
D36,LED,LED_0402_1005Metric,105.400000,-77.550000,45.000000,top
D36,LED,LED_0402_1005Metric,146.900000,-51.050000,45.000000,top
D36,LED,LED_0402_1005Metric,146.900000,-77.550000,45.000000,top
D36,LED,LED_0402_1005Metric,105.400000,-51.050000,45.000000,top
D36,LED,LED_0402_1005Metric,146.900000,-104.050000,45.000000,top
D36,LED,LED_0402_1005Metric,105.400000,-104.050000,45.000000,top
D37,LED,LED_0402_1005Metric,105.400000,-105.400000,45.000000,top
D37,LED,LED_0402_1005Metric,146.900000,-105.400000,45.000000,top
D37,LED,LED_0402_1005Metric,105.400000,-78.900000,45.000000,top
D37,LED,LED_0402_1005Metric,146.900000,-78.900000,45.000000,top
D37,LED,LED_0402_1005Metric,105.400000,-52.400000,45.000000,top
D37,LED,LED_0402_1005Metric,146.900000,-52.400000,45.000000,top
D38,LED,LED_0402_1005Metric,105.400000,-80.250000,45.000000,top
D38,LED,LED_0402_1005Metric,105.400000,-106.750000,45.000000,top
D38,LED,LED_0402_1005Metric,146.900000,-53.750000,45.000000,top
D38,LED,LED_0402_1005Metric,105.400000,-53.750000,45.000000,top
D38,LED,LED_0402_1005Metric,146.900000,-80.250000,45.000000,top
D38,LED,LED_0402_1005Metric,146.900000,-106.750000,45.000000,top
D39,LED,LED_0402_1005Metric,146.900000,-108.100000,45.000000,top
D39,LED,LED_0402_1005Metric,105.400000,-81.600000,45.000000,top
D39,LED,LED_0402_1005Metric,146.900000,-81.600000,45.000000,top
D39,LED,LED_0402_1005Metric,105.400000,-55.100000,45.000000,top
D39,LED,LED_0402_1005Metric,146.900000,-55.100000,45.000000,top
D39,LED,LED_0402_1005Metric,105.400000,-108.100000,45.000000,top
D40,LED,LED_0402_1005Metric,105.400000,-109.450000,45.000000,top
D40,LED,LED_0402_1005Metric,105.400000,-56.450000,45.000000,top
D40,LED,LED_0402_1005Metric,105.400000,-82.950000,45.000000,top
D40,LED,LED_0402_1005Metric,146.900000,-82.950000,45.000000,top
D40,LED,LED_0402_1005Metric,146.900000,-56.450000,45.000000,top
D40,LED,LED_0402_1005Metric,146.900000,-109.450000,45.000000,top
D41,LED,LED_0402_1005Metric,148.250000,-47.000000,45.000000,top
D41,LED,LED_0402_1005Metric,106.750000,-47.000000,45.000000,top
D41,LED,LED_0402_1005Metric,148.250000,-73.500000,45.000000,top
D41,LED,LED_0402_1005Metric,106.750000,-73.500000,45.000000,top
D41,LED,LED_0402_1005Metric,106.750000,-100.000000,45.000000,top
D41,LED,LED_0402_1005Metric,148.250000,-100.000000,45.000000,top
D42,LED,LED_0402_1005Metric,148.250000,-48.350000,45.000000,top
D42,LED,LED_0402_1005Metric,148.250000,-101.350000,45.000000,top
D42,LED,LED_0402_1005Metric,106.750000,-74.850000,45.000000,top
D42,LED,LED_0402_1005Metric,148.250000,-74.850000,45.000000,top
D42,LED,LED_0402_1005Metric,106.750000,-48.350000,45.000000,top
D42,LED,LED_0402_1005Metric,106.750000,-101.350000,45.000000,top
D43,LED,LED_0402_1005Metric,148.250000,-49.700000,45.000000,top
D43,LED,LED_0402_1005Metric,106.750000,-49.700000,45.000000,top
D43,LED,LED_0402_1005Metric,148.250000,-76.200000,45.000000,top
D43,LED,LED_0402_1005Metric,106.750000,-76.200000,45.000000,top
D43,LED,LED_0402_1005Metric,148.250000,-102.700000,45.000000,top
D43,LED,LED_0402_1005Metric,106.750000,-102.700000,45.000000,top
D44,LED,LED_0402_1005Metric,148.250000,-104.050000,45.000000,top
D44,LED,LED_0402_1005Metric,106.750000,-77.550000,45.000000,top
D44,LED,LED_0402_1005Metric,106.750000,-104.050000,45.000000,top
D44,LED,LED_0402_1005Metric,148.250000,-77.550000,45.000000,top
D44,LED,LED_0402_1005Metric,148.250000,-51.050000,45.000000,top
D44,LED,LED_0402_1005Metric,106.750000,-51.050000,45.000000,top
D45,LED,LED_0402_1005Metric,106.750000,-105.400000,45.000000,top
D45,LED,LED_0402_1005Metric,148.250000,-52.400000,45.000000,top
D45,LED,LED_0402_1005Metric,106.750000,-52.400000,45.000000,top
D45,LED,LED_0402_1005Metric,148.250000,-105.400000,45.000000,top
D45,LED,LED_0402_1005Metric,106.750000,-78.900000,45.000000,top
D45,LED,LED_0402_1005Metric,148.250000,-78.900000,45.000000,top
D46,LED,LED_0402_1005Metric,148.250000,-80.250000,45.000000,top
D46,LED,LED_0402_1005Metric,106.750000,-106.750000,45.000000,top
D46,LED,LED_0402_1005Metric,148.250000,-53.750000,45.000000,top
D46,LED,LED_0402_1005Metric,106.750000,-53.750000,45.000000,top
D46,LED,LED_0402_1005Metric,106.750000,-80.250000,45.000000,top
D46,LED,LED_0402_1005Metric,148.250000,-106.750000,45.000000,top
D47,LED,LED_0402_1005Metric,106.750000,-55.100000,45.000000,top
D47,LED,LED_0402_1005Metric,106.750000,-108.100000,45.000000,top
D47,LED,LED_0402_1005Metric,148.250000,-108.100000,45.000000,top
D47,LED,LED_0402_1005Metric,106.750000,-81.600000,45.000000,top
D47,LED,LED_0402_1005Metric,148.250000,-81.600000,45.000000,top
D47,LED,LED_0402_1005Metric,148.250000,-55.100000,45.000000,top
D48,LED,LED_0402_1005Metric,106.750000,-109.450000,45.000000,top
D48,LED,LED_0402_1005Metric,106.750000,-56.450000,45.000000,top
D48,LED,LED_0402_1005Metric,148.250000,-82.950000,45.000000,top
D48,LED,LED_0402_1005Metric,106.750000,-82.950000,45.000000,top
D48,LED,LED_0402_1005Metric,148.250000,-109.450000,45.000000,top
D48,LED,LED_0402_1005Metric,148.250000,-56.450000,45.000000,top
D49,LED,LED_0402_1005Metric,149.600000,-47.000000,45.000000,top
D49,LED,LED_0402_1005Metric,108.100000,-47.000000,45.000000,top
D49,LED,LED_0402_1005Metric,108.100000,-100.000000,45.000000,top
D49,LED,LED_0402_1005Metric,149.600000,-100.000000,45.000000,top
D49,LED,LED_0402_1005Metric,108.100000,-73.500000,45.000000,top
D49,LED,LED_0402_1005Metric,149.600000,-73.500000,45.000000,top
D50,LED,LED_0402_1005Metric,149.600000,-101.350000,45.000000,top
D50,LED,LED_0402_1005Metric,108.100000,-101.350000,45.000000,top
D50,LED,LED_0402_1005Metric,149.600000,-48.350000,45.000000,top
D50,LED,LED_0402_1005Metric,108.100000,-48.350000,45.000000,top
D50,LED,LED_0402_1005Metric,149.600000,-74.850000,45.000000,top
D50,LED,LED_0402_1005Metric,108.100000,-74.850000,45.000000,top
D51,LED,LED_0402_1005Metric,149.600000,-102.700000,45.000000,top
D51,LED,LED_0402_1005Metric,108.100000,-76.200000,45.000000,top
D51,LED,LED_0402_1005Metric,149.600000,-49.700000,45.000000,top
D51,LED,LED_0402_1005Metric,149.600000,-76.200000,45.000000,top
D51,LED,LED_0402_1005Metric,108.100000,-49.700000,45.000000,top
D51,LED,LED_0402_1005Metric,108.100000,-102.700000,45.000000,top
D52,LED,LED_0402_1005Metric,149.600000,-104.050000,45.000000,top
D52,LED,LED_0402_1005Metric,108.100000,-77.550000,45.000000,top
D52,LED,LED_0402_1005Metric,149.600000,-51.050000,45.000000,top
D52,LED,LED_0402_1005Metric,108.100000,-51.050000,45.000000,top
D52,LED,LED_0402_1005Metric,149.600000,-77.550000,45.000000,top
D52,LED,LED_0402_1005Metric,108.100000,-104.050000,45.000000,top
D53,LED,LED_0402_1005Metric,149.600000,-105.400000,45.000000,top
D53,LED,LED_0402_1005Metric,108.100000,-78.900000,45.000000,top
D53,LED,LED_0402_1005Metric,149.600000,-78.900000,45.000000,top
D53,LED,LED_0402_1005Metric,108.100000,-52.400000,45.000000,top
D53,LED,LED_0402_1005Metric,149.600000,-52.400000,45.000000,top
D53,LED,LED_0402_1005Metric,108.100000,-105.400000,45.000000,top
D54,LED,LED_0402_1005Metric,108.100000,-106.750000,45.000000,top
D54,LED,LED_0402_1005Metric,149.600000,-106.750000,45.000000,top
D54,LED,LED_0402_1005Metric,108.100000,-80.250000,45.000000,top
D54,LED,LED_0402_1005Metric,149.600000,-80.250000,45.000000,top
D54,LED,LED_0402_1005Metric,108.100000,-53.750000,45.000000,top
D54,LED,LED_0402_1005Metric,149.600000,-53.750000,45.000000,top
D55,LED,LED_0402_1005Metric,149.600000,-81.600000,45.000000,top
D55,LED,LED_0402_1005Metric,108.100000,-108.100000,45.000000,top
D55,LED,LED_0402_1005Metric,108.100000,-55.100000,45.000000,top
D55,LED,LED_0402_1005Metric,149.600000,-55.100000,45.000000,top
D55,LED,LED_0402_1005Metric,108.100000,-81.600000,45.000000,top
D55,LED,LED_0402_1005Metric,149.600000,-108.100000,45.000000,top
D56,LED,LED_0402_1005Metric,108.100000,-82.950000,45.000000,top
D56,LED,LED_0402_1005Metric,149.600000,-82.950000,45.000000,top
D56,LED,LED_0402_1005Metric,108.100000,-56.450000,45.000000,top
D56,LED,LED_0402_1005Metric,149.600000,-56.450000,45.000000,top
D56,LED,LED_0402_1005Metric,108.100000,-109.450000,45.000000,top
D56,LED,LED_0402_1005Metric,149.600000,-109.450000,45.000000,top
D57,LED,LED_0402_1005Metric,150.950000,-47.000000,45.000000,top
D57,LED,LED_0402_1005Metric,109.450000,-100.000000,45.000000,top
D57,LED,LED_0402_1005Metric,109.450000,-47.000000,45.000000,top
D57,LED,LED_0402_1005Metric,150.950000,-73.500000,45.000000,top
D57,LED,LED_0402_1005Metric,109.450000,-73.500000,45.000000,top
D57,LED,LED_0402_1005Metric,150.950000,-100.000000,45.000000,top
D58,LED,LED_0402_1005Metric,150.950000,-101.350000,45.000000,top
D58,LED,LED_0402_1005Metric,109.450000,-74.850000,45.000000,top
D58,LED,LED_0402_1005Metric,150.950000,-74.850000,45.000000,top
D58,LED,LED_0402_1005Metric,109.450000,-48.350000,45.000000,top
D58,LED,LED_0402_1005Metric,150.950000,-48.350000,45.000000,top
D58,LED,LED_0402_1005Metric,109.450000,-101.350000,45.000000,top
D59,LED,LED_0402_1005Metric,150.950000,-49.700000,45.000000,top
D59,LED,LED_0402_1005Metric,109.450000,-49.700000,45.000000,top
D59,LED,LED_0402_1005Metric,109.450000,-102.700000,45.000000,top
D59,LED,LED_0402_1005Metric,150.950000,-76.200000,45.000000,top
D59,LED,LED_0402_1005Metric,109.450000,-76.200000,45.000000,top
D59,LED,LED_0402_1005Metric,150.950000,-102.700000,45.000000,top
D60,LED,LED_0402_1005Metric,109.450000,-104.050000,45.000000,top
D60,LED,LED_0402_1005Metric,150.950000,-51.050000,45.000000,top
D60,LED,LED_0402_1005Metric,109.450000,-51.050000,45.000000,top
D60,LED,LED_0402_1005Metric,150.950000,-77.550000,45.000000,top
D60,LED,LED_0402_1005Metric,109.450000,-77.550000,45.000000,top
D60,LED,LED_0402_1005Metric,150.950000,-104.050000,45.000000,top
D61,LED,LED_0402_1005Metric,150.950000,-52.400000,45.000000,top
D61,LED,LED_0402_1005Metric,109.450000,-105.400000,45.000000,top
D61,LED,LED_0402_1005Metric,109.450000,-52.400000,45.000000,top
D61,LED,LED_0402_1005Metric,150.950000,-78.900000,45.000000,top
D61,LED,LED_0402_1005Metric,109.450000,-78.900000,45.000000,top
D61,LED,LED_0402_1005Metric,150.950000,-105.400000,45.000000,top
D62,LED,LED_0402_1005Metric,150.950000,-53.750000,45.000000,top
D62,LED,LED_0402_1005Metric,109.450000,-53.750000,45.000000,top
D62,LED,LED_0402_1005Metric,150.950000,-80.250000,45.000000,top
D62,LED,LED_0402_1005Metric,109.450000,-80.250000,45.000000,top
D62,LED,LED_0402_1005Metric,150.950000,-106.750000,45.000000,top
D62,LED,LED_0402_1005Metric,109.450000,-106.750000,45.000000,top
D63,LED,LED_0402_1005Metric,109.450000,-108.100000,45.000000,top
D63,LED,LED_0402_1005Metric,150.950000,-108.100000,45.000000,top
D63,LED,LED_0402_1005Metric,109.450000,-81.600000,45.000000,top
D63,LED,LED_0402_1005Metric,150.950000,-81.600000,45.000000,top
D63,LED,LED_0402_1005Metric,109.450000,-55.100000,45.000000,top
D63,LED,LED_0402_1005Metric,150.950000,-55.100000,45.000000,top
D64,LED,LED_0402_1005Metric,109.450000,-56.450000,45.000000,top
D64,LED,LED_0402_1005Metric,150.950000,-56.450000,45.000000,top
D64,LED,LED_0402_1005Metric,109.450000,-82.950000,45.000000,top
D64,LED,LED_0402_1005Metric,150.950000,-109.450000,45.000000,top
D64,LED,LED_0402_1005Metric,150.950000,-82.950000,45.000000,top
D64,LED,LED_0402_1005Metric,109.450000,-109.450000,45.000000,top
R1,1kR,R_0402_1005Metric,117.750000,-50.960000,180.000000,top
R1,1kR,R_0402_1005Metric,117.750000,-103.960000,180.000000,top
R1,1kR,R_0402_1005Metric,159.250000,-103.960000,180.000000,top
R1,1kR,R_0402_1005Metric,117.750000,-77.460000,180.000000,top
R1,1kR,R_0402_1005Metric,159.250000,-77.460000,180.000000,top
R1,1kR,R_0402_1005Metric,159.250000,-50.960000,180.000000,top
RN1,1kR,R_Array_Concave_4x0402,159.110000,-52.430000,180.000000,top
RN1,1kR,R_Array_Concave_4x0402,117.610000,-52.430000,180.000000,top
RN1,1kR,R_Array_Concave_4x0402,159.110000,-78.930000,180.000000,top
RN1,1kR,R_Array_Concave_4x0402,117.610000,-78.930000,180.000000,top
RN1,1kR,R_Array_Concave_4x0402,159.110000,-105.430000,180.000000,top
RN1,1kR,R_Array_Concave_4x0402,117.610000,-105.430000,180.000000,top
RN2,1kR,R_Array_Concave_4x0402,117.200000,-48.550000,180.000000,top
RN2,1kR,R_Array_Concave_4x0402,117.200000,-101.550000,180.000000,top
RN2,1kR,R_Array_Concave_4x0402,158.700000,-101.550000,180.000000,top
RN2,1kR,R_Array_Concave_4x0402,117.200000,-75.050000,180.000000,top
RN2,1kR,R_Array_Concave_4x0402,158.700000,-75.050000,180.000000,top
RN2,1kR,R_Array_Concave_4x0402,158.700000,-48.550000,180.000000,top
U1,STM32F030F4Px,TSSOP-20_4.4x6.5mm_P0.65mm,122.750000,-102.600000,90.000000,top
U1,STM32F030F4Px,TSSOP-20_4.4x6.5mm_P0.65mm,164.250000,-102.600000,90.000000,top
U1,STM32F030F4Px,TSSOP-20_4.4x6.5mm_P0.65mm,122.750000,-76.100000,90.000000,top
U1,STM32F030F4Px,TSSOP-20_4.4x6.5mm_P0.65mm,164.250000,-76.100000,90.000000,top
U1,STM32F030F4Px,TSSOP-20_4.4x6.5mm_P0.65mm,122.750000,-49.600000,90.000000,top
U1,STM32F030F4Px,TSSOP-20_4.4x6.5mm_P0.65mm,164.250000,-49.600000,90.000000,top
